	developer.chrome.com	https://developer.chrome.com/
	paul.kinlan.me	https://paul.kinlan.me/
	aifoc.us	https://aifoc.us/
1	facebook.com	https://facebook.com/
2	youtube.com	https://youtube.com/
3	instagram.com	https://instagram.com/
4	mail.ru	https://mail.ru/
7	twitter.com	https://twitter.com/
8	dzen.ru	https://dzen.ru/
9	linkedin.com	https://linkedin.com/
12	live.com	https://live.com/
13	office.com	https://office.com/
16	github.com	https://github.com/
17	bing.com	https://bing.com/
25	netflix.com	https://netflix.com/
27	wordpress.org	https://wordpress.org/
34	pinterest.com	https://pinterest.com/
36	x.com	https://x.com/
38	whatsapp.com	https://whatsapp.com/
39	roblox.com	https://roblox.com/
40	yahoo.com	https://yahoo.com/
44	tiktok.com	https://tiktok.com/
45	msn.com	https://msn.com/
48	spotify.com	https://spotify.com/
52	chatgpt.com	https://chatgpt.com/
54	vimeo.com	https://vimeo.com/
59	zoom.us	https://zoom.us/
62	baidu.com	https://baidu.com/
63	qq.com	https://qq.com/
75	opera.com	https://opera.com/
76	samsung.com	https://samsung.com/
78	yandex.ru	https://yandex.ru/
80	reddit.com	https://reddit.com/
81	wordpress.com	https://wordpress.com/
86	t.me	https://t.me/
93	europa.eu	https://europa.eu/
96	vk.com	https://vk.com/
100	snapchat.com	https://snapchat.com/
106	nih.gov	https://nih.gov/
109	outlook.com	https://outlook.com/
115	godaddy.com	https://godaddy.com/
119	kaspersky.com	https://kaspersky.com/
120	dropbox.com	https://dropbox.com/
125	intuit.com	https://intuit.com/
128	archive.org	https://archive.org/
129	xiaomi.com	https://xiaomi.com/
132	tumblr.com	https://tumblr.com/
133	epicgames.com	https://epicgames.com/
137	discord.com	https://discord.com/
138	paypal.com	https://paypal.com/
149	shopify.com	https://shopify.com/
