298	clarity.ms	https://www.clarity.ms/
300	media.net	https://www.media.net/
302	namebrightdns.com	https://www.namebrightdns.com/
303	nr-data.net	https://www.nr-data.net/
309	name-services.com	https://www.name-services.com/
310	smartadserver.com	https://www.smartadserver.com/
312	douyincdn.com	https://www.douyincdn.com/
313	crashlytics.com	https://www.crashlytics.com/
315	aliyun.com	https://www.aliyun.com/
316	opendns.com	https://www.opendns.com/
317	checkpoint.com	https://www.checkpoint.com/
320	quickconnect.to	https://www.quickconnect.to/
351	plesk.com	https://www.plesk.com/
352	demdex.net	https://www.demdex.net/
353	rzone.de	https://www.rzone.de/
355	kaspersky-labs.com	https://www.kaspersky-labs.com/
357	awswaf.com	https://www.awswaf.com/
358	akamaitech.net	https://www.akamaitech.net/
359	wbx2.com	https://www.wbx2.com/
360	imcmdb.net	https://www.imcmdb.net/
361	kwai-pro.com	https://www.kwai-pro.com/
363	dotaplabs.net	https://www.dotaplabs.net/
364	adobe.net	https://www.adobe.net/
367	vkuser.net	https://www.vkuser.net/
369	cookiedatabase.org	https://www.cookiedatabase.org/
370	ngenix.net	https://www.ngenix.net/
373	netangels.ru	https://www.netangels.ru/
374	aliyuncsslbintl.com	https://www.aliyuncsslbintl.com/
375	ibyteimg.com	https://www.ibyteimg.com/
378	ip-api.com	https://www.ip-api.com/
380	tiktokv.us	https://www.tiktokv.us/
401	pangle.io	https://www.pangle.io/
404	bsky.app	https://www.bsky.app/
407	kwaipros.com	https://www.kwaipros.com/
409	edgecdn.ru	https://www.edgecdn.ru/
410	beian.gov.cn	https://www.beian.gov.cn/
411	online-metrix.net	https://www.online-metrix.net/
413	wp.com	https://www.wp.com/
416	dual-s-msedge.net	https://www.dual-s-msedge.net/
418	adriver.ru	https://www.adriver.ru/
419	worldnic.com	https://www.worldnic.com/
420	volcfcdndvs.com	https://www.volcfcdndvs.com/
421	cloudns.net	https://www.cloudns.net/
425	nflxvideo.net	https://www.nflxvideo.net/
426	awsglobalaccelerator.com	https://www.awsglobalaccelerator.com/
427	list-manage.com	https://www.list-manage.com/
428	ioref.io	https://www.ioref.io/
430	g.page	https://www.g.page/
432	sc-gw.com	https://www.sc-gw.com/
433	gcdn.co	https://www.gcdn.co/
434	cdn20.com	https://www.cdn20.com/
435	mynetname.net	https://www.mynetname.net/
437	name.com	https://www.name.com/
453	addtoany.com	https://www.addtoany.com/
454	amplitude.com	https://www.amplitude.com/
